Fleming,Tina,619-16-7988,Tina.Fleming@example.com
Shah,Erica,164-51-7615,Erica.Shah@example.com
Ortiz,Paula,051-83-3290,Paula.Ortiz@example.com
Hendricks,James,776-83-2884,James.Hendricks@example.com
King,Lauren,197-94-2398,Lauren.King@example.com
Cowan,David,252-92-1832,David.Cowan@example.com
Burton,Andrew,296-23-6842,Andrew.Burton@example.com
Baker,Julian,337-40-7543,Julian.Baker@example.com
Castro,Scott,399-46-5595,Scott.Castro@example.com
Rodriguez,Billy,014-18-2503,Billy.Rodriguez@example.com
Leblanc,Darrell,005-82-7918,Darrell.Leblanc@example.com
Hammond,David,561-17-6312,David.Hammond@example.com
